{
  "Linear Regression": 0.4318181818181818,
  "Ridge": 0.6590909090909091,
  "Random Forest": 0.6590909090909091,
  "XGBoost": 0.6136363636363636
}