model,MAE,RMSE,MAPE_pct,R2,ret_MAE,ret_RMSE,dir_acc
Naive (random walk),0.5086956521739132,0.5272753774561232,0.4495633523451972,0.9779468632114059,0.004517254011477261,0.0046615846269925185,0.0
Linear Regression,0.22922605187517753,0.32764938536729105,0.20338244334973263,0.9914844225358355,0.00204318490231472,0.0029066732536877165,1.0
Ridge,0.14919341606048667,0.18995920977639053,0.13087458656464826,0.9971376937604642,0.001315547440152097,0.0016665290359923223,1.0
Random Forest,0.16107295313031808,0.1962943694394892,0.14124407126722768,0.9969435937895336,0.0014198050228639908,0.001721492510773203,1.0
XGBoost,0.1575103384861027,0.1935119232966112,0.1379038750162755,0.9970296279651015,0.001386212909727407,0.0016939648553894948,1.0
ARIMA (walk-forward),0.536672902641912,0.5675724749390837,0.47416406281987994,0.9744472268074665,,,
